{"cameraMode":{"drawMode":0,"name":"Shaded","section":"Shading Mode"},"sceneLighting":true,"audioPlay":false,"sceneViewState":{"showFog":true,"showMaterialUpdate":true,"showSkybox":true,"showFlares":true,"showImageEffects":true,"showParticleSystems":true},"in2DMode":false,"pivot":{"x":3218.15673828125,"y":108689.046875,"z":-44031.953125},"rotation":{"x":-0.05546751618385315,"y":0.011981233954429627,"z":0.0006656423793174326,"w":0.998388409614563},"size":46669.08203125,"orthographic":false}