{"cameraMode":{"drawMode":0,"name":"Shaded","section":"Shading Mode"},"sceneLighting":true,"audioPlay":false,"sceneViewState":{"showFog":true,"showMaterialUpdate":true,"showSkybox":true,"showFlares":true,"showImageEffects":true,"showParticleSystems":true},"in2DMode":false,"pivot":{"x":-8.825657844543457,"y":30.173845291137697,"z":76.1569595336914},"rotation":{"x":0.01830841228365898,"y":-0.0011897352524101735,"z":0.000021383120838436298,"w":0.9998311400413513},"size":115.26176452636719,"orthographic":false}