{"cameraMode":{"drawMode":0,"name":"Shaded","section":"Shading Mode"},"sceneLighting":true,"audioPlay":false,"sceneViewState":{"showFog":true,"showMaterialUpdate":true,"showSkybox":true,"showFlares":true,"showImageEffects":true,"showParticleSystems":true},"in2DMode":false,"pivot":{"x":22.594053268432618,"y":79.63189697265625,"z":116.06317138671875},"rotation":{"x":-0.10660617798566818,"y":0.003576528513804078,"z":-0.0003834827512037009,"w":-0.9942955374717712},"size":304.9778137207031,"orthographic":false}